datetime,name,amount
2020-04-12T11:34:29.0,ELLA,0.961
2020-04-12T12:09:37.0,MADDISON,0.27
2020-04-12T15:41:33.0,MARCUS,0.584
2020-04-12T10:18:23.0,SOFIA,0.736
2020-04-12T12:56:16.0,LAYLA,0.833
2020-04-12T16:29:52.0,LUNA,0.34
2020-04-12T16:01:30.0,KAI,0.716
2020-04-12T10:27:34.0,NATE,0.25
2020-04-12T09:07:46.0,HAMISH,0.933
2020-04-12T11:04:46.0,HARRISON,0.699
2020-04-12T09:50:32.0,THEODORE,0.775
2020-04-12T12:34:55.0,LOLA,0.97
2020-04-12T15:28:03.0,LUKA,0.14
2020-04-12T12:09:09.0,BILLY,0.865
2020-04-12T13:30:34.0,RILEY,0.664
2020-04-12T12:15:16.0,JORDAN,0.761
2020-04-12T10:40:09.0,MICHAEL,0.687
2020-04-12T10:04:28.0,EVIE,0.132
2020-04-12T12:35:55.0,JOSEPH,1.057
2020-04-12T09:27:26.0,LOLA,0.718
2020-04-12T12:42:44.0,JOSHUA,0.184
2020-04-12T16:54:57.0,JASPER,0.929
2020-04-12T16:41:16.0,OWEN,1.006
2020-04-12T16:08:38.0,ESTHER,0.317
2020-04-12T16:34:00.0,ALBY,0.381
2020-04-12T12:01:41.0,AIDEN,1.055
2020-04-12T14:47:17.0,ESTHER,0.828
2020-04-12T11:54:34.0,FLORENCE,0.563
2020-04-12T14:01:18.0,JASMINE,0.123
2020-04-12T14:19:05.0,ISABELLA,0.621
2020-04-12T14:25:00.0,ANNABELLE,0.237
2020-04-12T12:55:17.0,ELLIE,0.426
2020-04-12T12:41:30.0,SONNY,0.998
2020-04-12T14:08:46.0,BENJAMIN,0.956
2020-04-12T12:24:18.0,HARLOW,0.888
2020-04-12T10:35:03.0,DAISY,0.928
2020-04-12T09:32:35.0,MAEVE,0.56
2020-04-12T16:52:22.0,AALIYAH,0.844
2020-04-12T10:13:14.0,STELLA,0.252
2020-04-12T16:58:11.0,FELIX,0.427
2020-04-12T13:01:50.0,AUDREY,0.458
2020-04-12T15:30:17.0,SAVANNAH,0.489
2020-04-12T13:47:07.0,AMELIA,1.041
2020-04-12T16:38:55.0,LUCA,0.62
2020-04-12T11:37:27.0,MAYA,1.012
2020-04-12T15:18:11.0,WYATT,0.344
2020-04-12T10:03:15.0,LOLA,0.407
2020-04-12T11:13:14.0,FREYA,0.242
2020-04-12T11:48:18.0,MARCUS,0.633
2020-04-12T11:01:17.0,ISLA,1.018
2020-04-12T13:38:27.0,LIAM,0.22
2020-04-12T16:24:51.0,THEODORE,0.972
2020-04-12T09:50:48.0,HALLIE,0.392
2020-04-12T14:22:14.0,ISLA,0.48
2020-04-12T09:20:24.0,PAIGE,0.139
2020-04-12T16:52:30.0,MARGOT,0.707
2020-04-12T09:50:29.0,SAMUEL,0.361
2020-04-12T15:00:44.0,MIA,0.694
2020-04-12T09:05:51.0,LINCOLN,0.931
2020-04-12T14:42:58.0,JACK,0.916
2020-04-12T12:25:23.0,COOPER,0.677
2020-04-12T14:59:37.0,AYLA,0.549
2020-04-12T12:23:52.0,EVA,0.514
2020-04-12T10:30:41.0,JACK,0.747
2020-04-12T12:43:16.0,FLYNN,0.106
2020-04-12T12:29:58.0,JORDAN,1.029
2020-04-12T09:59:48.0,ASHER,0.233
2020-04-12T12:45:50.0,ANNABELLE,0.278
2020-04-12T09:27:11.0,ISABELLA,0.96
2020-04-12T14:39:11.0,LARA,0.338
2020-04-12T16:20:22.0,ARCHIE,1.024
2020-04-12T14:28:22.0,ETHAN,0.857
2020-04-12T11:26:54.0,ANGUS,0.901
2020-04-12T09:50:13.0,JOSEPH,1.086
2020-04-12T12:50:27.0,GRACE,0.649
2020-04-12T10:56:39.0,DANIEL,0.187
2020-04-12T11:53:32.0,XAVIER,0.816
2020-04-12T15:27:21.0,ZACHARY,1.034
2020-04-12T16:20:29.0,EVA,0.811
2020-04-12T10:53:52.0,CHARLES,0.815
2020-04-12T14:30:13.0,LEO,0.296
2020-04-12T10:44:57.0,ADA,0.414
2020-04-12T09:12:19.0,SADIE,0.876
2020-04-12T15:40:06.0,OSCAR,0.912
2020-04-12T09:20:17.0,EVELYN,0.963
2020-04-12T10:58:05.0,PIPPA,0.248
2020-04-12T10:58:29.0,RYAN,0.261
2020-04-12T09:33:52.0,EMILY,0.888
2020-04-12T16:09:15.0,CHLOE,0.373
2020-04-12T15:43:03.0,ALFRED,0.513
2020-04-12T11:12:26.0,LEO,0.632
2020-04-12T16:51:30.0,ANGUS,0.522
2020-04-12T12:50:18.0,ADDISON,0.705
2020-04-12T13:32:13.0,ISABELLA,0.307
2020-04-12T14:23:49.0,NOAH,1.044
2020-04-12T15:26:35.0,PIPER,0.795
2020-04-12T13:10:48.0,AALIYAH,0.382
2020-04-12T14:13:30.0,ROSE,1.074
2020-04-12T16:46:59.0,AMELIA,0.883
2020-04-12T16:40:18.0,AXEL,0.814
2020-04-12T12:06:01.0,LACHLAN,0.473
2020-04-12T16:14:39.0,HAMISH,0.576
2020-04-12T11:12:43.0,LARA,0.89
2020-04-12T10:13:53.0,LUNA,0.61
2020-04-12T14:57:52.0,AUDREY,0.841
2020-04-12T16:05:42.0,LUCY,0.945
2020-04-12T09:18:06.0,HARPER,0.283
2020-04-12T16:27:39.0,OSCAR,0.952
2020-04-12T16:00:44.0,HARRISON,0.184
2020-04-12T14:19:22.0,LARA,0.409
2020-04-12T11:33:37.0,HUDSON,1.085
2020-04-12T16:14:53.0,AMBER,1.001
2020-04-12T11:51:18.0,CALEB,0.768
2020-04-12T09:14:28.0,SAVANNAH,0.819
2020-04-12T13:25:31.0,SEBASTIAN,0.36
2020-04-12T15:50:27.0,IVY,0.682
2020-04-12T11:17:18.0,ELEANOR,0.172
2020-04-12T13:45:06.0,JASMINE,0.443
2020-04-12T16:48:34.0,AUSTIN,0.519
2020-04-12T14:41:48.0,ALFRED,0.298
2020-04-12T09:13:48.0,LARA,0.183
2020-04-12T13:30:25.0,PIPER,0.437
2020-04-12T12:52:27.0,DANIEL,1.074
2020-04-12T11:12:12.0,HARPER,0.411
2020-04-12T09:00:31.0,ARCHER,0.212
2020-04-12T09:19:56.0,ASHER,0.722
2020-04-12T13:27:40.0,LOUIS,0.629
2020-04-12T15:25:09.0,CHARLIE,0.545
2020-04-12T14:01:50.0,OLIVER,0.145
2020-04-12T09:56:28.0,ARTHUR,0.222
2020-04-12T12:29:04.0,HARRY,0.154
2020-04-12T14:58:48.0,JAMES,0.814
2020-04-12T16:05:02.0,AALIYAH,0.495
2020-04-12T15:26:12.0,ELLIE,0.287
2020-04-12T15:09:05.0,CHASE,0.942
2020-04-12T12:33:28.0,FLYNN,0.857
2020-04-12T09:30:35.0,LACHLAN,0.338
2020-04-12T11:26:11.0,ALEXANDER,0.699
2020-04-12T11:30:05.0,AUBREY,0.374
2020-04-12T09:27:02.0,WILLOW,0.739
2020-04-12T09:10:56.0,HALLIE,0.682
2020-04-12T10:47:43.0,CALEB,1.015
2020-04-12T14:59:08.0,DARCY,1.026
2020-04-12T09:27:00.0,ELSIE,0.587
2020-04-13T11:02:38.0,CHARLES,0.915
2020-04-13T09:05:49.0,CHARLOTTE,0.653
2020-04-13T10:20:19.0,AUSTIN,0.956
2020-04-13T14:34:39.0,CONNOR,0.429
2020-04-13T13:56:26.0,KAI,0.741
2020-04-13T11:33:28.0,MIA,0.171
2020-04-13T15:02:12.0,AXEL,0.185
2020-04-13T14:08:04.0,FREYA,0.397
2020-04-13T09:17:59.0,WILLOW,0.963
2020-04-13T13:12:51.0,DARCY,0.812
2020-04-13T16:09:31.0,LOLA,0.571
2020-04-13T13:17:45.0,ALEXANDER,0.938
2020-04-13T14:37:21.0,SOPHIA,1.086
2020-04-13T12:46:03.0,LEWIS,0.808
2020-04-13T10:06:23.0,FINN,1.04
2020-04-13T12:34:21.0,SOPHIE,0.465
2020-04-13T13:02:37.0,OLIVIA,0.772
2020-04-13T11:05:58.0,BENJAMIN,0.13
2020-04-13T10:00:23.0,VIOLET,0.475
2020-04-13T09:47:13.0,MAX,0.229
2020-04-13T14:13:15.0,JORDAN,0.568
2020-04-13T11:13:21.0,CHARLES,0.525
2020-04-13T10:59:08.0,LUCY,0.928
2020-04-13T16:35:25.0,PHOEBE,0.706
2020-04-13T13:43:28.0,MASON,0.487
2020-04-13T11:21:13.0,SONNY,0.562
2020-04-13T11:21:21.0,HARRY,0.825
2020-04-13T09:07:07.0,ARI,0.566
2020-04-13T12:32:04.0,CARTER,0.812
2020-04-13T15:08:26.0,ELI,0.848
2020-04-13T09:50:55.0,LILLY,0.749
2020-04-13T12:40:20.0,AUDREY,0.427
2020-04-13T13:27:25.0,ADELINE,0.984
2020-04-13T14:20:09.0,ELEANOR,0.707
2020-04-13T15:58:16.0,OLIVER,0.993
2020-04-13T13:26:44.0,RYAN,0.743
2020-04-13T16:17:42.0,GRACE,0.36
2020-04-13T16:27:04.0,JOSHUA,1.064
2020-04-13T09:30:13.0,ALEXANDER,0.799
2020-04-13T16:29:22.0,JASMINE,0.518
2020-04-13T09:53:39.0,ALFIE,1.008
2020-04-13T12:32:05.0,ZOE,0.176
2020-04-13T11:10:39.0,ANGUS,0.325
2020-04-13T15:09:01.0,JAMES,0.425
2020-04-13T09:10:30.0,EDWARD,0.6
2020-04-13T09:49:18.0,COOPER,0.677
2020-04-13T11:21:06.0,MICHAEL,0.939
2020-04-13T13:00:39.0,MAGGIE,0.612
2020-04-13T11:45:42.0,AVA,0.197
2020-04-13T12:10:50.0,SIENNA,0.901
2020-04-13T12:54:41.0,JAYDEN,0.479
2020-04-13T11:24:25.0,AYLA,1.052
2020-04-13T09:51:21.0,ALYSSA,0.898
2020-04-13T15:44:39.0,MARGOT,1.077
2020-04-13T16:05:12.0,ELIJAH,0.628
2020-04-13T16:00:08.0,GABRIEL,0.756
2020-04-13T14:09:28.0,MADDISON,1.013
2020-04-13T10:56:59.0,CONNOR,0.375
2020-04-13T12:08:59.0,ETHAN,0.453
2020-04-13T10:08:07.0,LEVI,1.061
2020-04-13T11:42:31.0,JAYDEN,0.686
2020-04-13T10:02:45.0,OLIVER,0.636
2020-04-13T11:10:41.0,ELEANOR,0.709
2020-04-13T16:58:02.0,CLARA,0.986
2020-04-13T10:34:37.0,EMILY,0.48
2020-04-13T14:28:19.0,SCARLETT,0.981
2020-04-13T10:42:11.0,NATE,0.583
2020-04-13T16:59:34.0,ANNABELLE,0.53
2020-04-13T10:09:10.0,DAISY,0.678
2020-04-13T11:15:36.0,BILLY,0.692
2020-04-13T16:16:52.0,PENELOPE,1.035
2020-04-13T13:31:36.0,MASON,0.913
2020-04-13T11:56:56.0,OLIVIA,0.438
2020-04-13T11:39:03.0,RUBY,0.781
2020-04-14T09:43:37.0,EVIE,0.91
2020-04-14T15:46:14.0,GABRIEL,0.275
2020-04-14T16:01:23.0,VIOLET,0.292
2020-04-14T15:10:50.0,REMI,0.295
2020-04-14T12:25:09.0,SOPHIE,0.136
2020-04-14T13:43:00.0,ALBY,0.628
2020-04-14T10:46:32.0,ESTHER,1.072
2020-04-14T13:14:37.0,HARLOW,0.944
2020-04-14T11:14:32.0,JUDE,0.438
2020-04-14T13:59:59.0,AALIYAH,1.028
2020-04-14T11:16:31.0,MADDISON,0.58
2020-04-14T12:19:53.0,ANNABELLE,1.037
2020-04-14T13:23:54.0,SIENNA,0.251
2020-04-14T13:13:36.0,SUMMER,0.419
2020-04-14T14:18:56.0,DANIEL,0.9
2020-04-14T11:55:55.0,SAVANNAH,0.9
2020-04-14T14:19:53.0,WILLIAM,0.255
2020-04-14T15:00:42.0,BILLIE,0.325
2020-04-14T11:59:01.0,BILLIE,0.917
2020-04-14T09:14:51.0,AVA,0.859
2020-04-14T15:01:30.0,WYATT,0.544
2020-04-14T09:20:15.0,JAXON,0.817
2020-04-14T10:03:44.0,LUCY,0.201
2020-04-14T14:06:18.0,ROSIE,0.699
2020-04-14T15:14:59.0,BENJAMIN,0.612
2020-04-14T13:00:16.0,CLARA,0.172
2020-04-14T15:27:59.0,FELIX,0.981
2020-04-14T15:49:36.0,SOFIA,0.404
2020-04-14T15:24:43.0,PAIGE,0.824
2020-04-14T11:55:55.0,SEBASTIAN,0.77
2020-04-14T10:52:52.0,ELLIOT,0.294
2020-04-14T16:47:52.0,JACKSON,0.988
2020-04-14T11:54:34.0,ADDISON,1.048
2020-04-14T10:13:17.0,SIENNA,0.65
2020-04-14T11:20:04.0,EDEN,0.348
2020-04-14T13:45:51.0,ESTHER,0.565
2020-04-14T15:50:00.0,SOPHIA,0.217
2020-04-14T15:18:50.0,LEWIS,0.843
2020-04-14T14:13:42.0,ISLA,0.263
2020-04-14T13:52:29.0,SOFIA,0.675
2020-04-14T09:07:32.0,HARVEY,0.779
2020-04-14T15:26:31.0,AYLA,0.406
2020-04-14T14:46:06.0,SEBASTIAN,0.765
2020-04-14T11:35:06.0,JOSHUA,1.09
2020-04-14T11:13:45.0,EVELYN,0.546
2020-04-14T09:19:20.0,SOPHIE,1.005
2020-04-14T12:19:17.0,ANGUS,0.417
2020-04-14T12:45:04.0,EVELYN,0.778
2020-04-14T14:04:05.0,PIPER,1.016
2020-04-14T15:01:21.0,IVY,1.067
2020-04-14T13:41:49.0,MICHAEL,1.016
2020-04-14T11:20:09.0,OLIVER,0.926
2020-04-14T15:36:27.0,LEVI,0.882
2020-04-14T13:21:56.0,CHARLES,0.512
2020-04-14T15:43:59.0,FINLEY,1.064
2020-04-14T10:50:58.0,REMI,0.636
2020-04-14T13:16:14.0,ARTHUR,0.263
2020-04-14T09:48:25.0,THEODORE,0.629
2020-04-14T10:45:54.0,SOFIA,0.288
2020-04-14T15:34:12.0,PHOEBE,0.298
2020-04-14T14:40:54.0,ARCHIE,0.868
2020-04-14T10:42:58.0,GEORGE,0.468
2020-04-14T16:49:55.0,SCARLETT,0.528
2020-04-14T16:54:50.0,HUDSON,0.93
2020-04-14T09:52:09.0,EDWARD,0.46
2020-04-14T16:44:58.0,ALBY,0.332
2020-04-14T10:14:21.0,HUGO,0.289
2020-04-14T16:27:35.0,NATE,0.955
2020-04-14T12:34:33.0,CHARLES,0.145
2020-04-14T10:09:02.0,COOPER,0.344
2020-04-14T11:28:41.0,CHARLIE,0.608
2020-04-14T10:38:10.0,ALFRED,0.181
2020-04-14T16:52:03.0,PENELOPE,0.16
2020-04-14T09:30:30.0,LOGAN,0.616
2020-04-14T15:00:04.0,LUCY,0.897
2020-04-14T13:01:47.0,CONNOR,0.41
2020-04-14T13:59:03.0,BEAU,0.696
2020-04-14T10:59:42.0,ELSIE,0.184
2020-04-14T13:16:11.0,CHARLIE,0.37
2020-04-14T11:27:47.0,MIA,0.254
2020-04-14T09:42:43.0,GEORGE,1.079
2020-04-14T13:46:40.0,SEBASTIAN,1.081
2020-04-14T16:42:03.0,SCARLETT,0.285
2020-04-14T10:51:26.0,COOPER,1.098
2020-04-14T13:10:26.0,BLAKE,0.285
2020-04-14T16:09:36.0,AMELIA,0.185
2020-04-14T16:01:17.0,HAMISH,0.756
2020-04-14T13:18:07.0,FINN,0.475
2020-04-14T14:32:33.0,HAMISH,0.769
2020-04-14T12:22:31.0,DANIEL,0.962
2020-04-14T15:03:18.0,LENNY,1.057
2020-04-14T14:46:01.0,XAVIER,0.107
2020-04-14T13:45:51.0,SAMUEL,0.145
2020-04-14T10:40:47.0,GEORGIA,0.837
2020-04-14T12:08:47.0,MILA,0.646
2020-04-14T12:42:19.0,ASHER,0.397
2020-04-14T09:03:06.0,ZACHARY,0.661
2020-04-14T14:26:49.0,LEVI,0.267
2020-04-14T16:38:35.0,HANNAH,0.123
2020-04-14T16:10:25.0,HARRIET,0.125
2020-04-14T12:44:56.0,WILLOW,0.177
2020-04-14T13:29:24.0,MARGOT,0.375
2020-04-14T09:09:33.0,WYATT,1.0
2020-04-14T09:27:28.0,ALICE,0.934
2020-04-14T15:45:55.0,LIAM,0.509
2020-04-14T14:52:29.0,LUNA,0.349
2020-04-14T09:12:09.0,MILA,0.704
2020-04-14T15:33:03.0,BLAKE,0.875
2020-04-14T10:30:52.0,PENELOPE,0.827
2020-04-14T15:44:11.0,JAMES,1.022
2020-04-14T14:03:20.0,PIPPA,0.115
2020-04-14T16:29:18.0,MARCUS,1.064
2020-04-14T09:56:09.0,BEAU,0.472
2020-04-14T12:49:34.0,ZARA,1.069
2020-04-14T12:25:22.0,OLIVER,0.148
2020-04-14T15:56:29.0,EVIE,0.66
2020-04-14T11:00:38.0,THEODORE,0.115
2020-04-14T16:59:08.0,HALLIE,0.382
2020-04-14T13:38:33.0,MARGOT,0.253
2020-04-14T16:28:47.0,ZARA,0.721
2020-04-14T09:31:16.0,ELEANOR,0.594
2020-04-14T09:40:34.0,HALLIE,0.741
2020-04-14T09:00:10.0,CHARLOTTE,0.147
2020-04-14T15:21:19.0,XAVIER,0.851
2020-04-14T14:34:26.0,OWEN,0.25
2020-04-14T14:18:54.0,ZOE,0.14
2020-04-14T13:50:29.0,ALYSSA,0.409
2020-04-14T13:04:43.0,JORDAN,0.944
2020-04-14T14:55:44.0,LILY,0.855
2020-04-14T10:28:11.0,MAX,0.724
2020-04-14T14:26:16.0,MICHAEL,0.198
2020-04-14T14:07:29.0,OLIVIA,0.136
2020-04-14T10:32:47.0,CHASE,0.537
2020-04-14T15:24:09.0,HUNTER,0.799
2020-04-14T11:39:46.0,OLIVE,1.07
2020-04-14T16:25:53.0,IMOGEN,0.721
2020-04-14T09:05:40.0,BILLIE,0.617
2020-04-14T13:49:01.0,BONNIE,0.269
2020-04-14T11:50:50.0,ALEXANDER,0.184
2020-04-14T12:57:09.0,GEORGE,0.127
2020-04-14T11:16:02.0,WILLOW,0.901
2020-04-14T11:16:11.0,BODHI,0.829
2020-04-14T15:21:37.0,GEORGIA,0.172
2020-04-14T15:56:50.0,ARI,0.471
2020-04-14T09:24:52.0,LOUIS,0.835
2020-04-14T14:58:39.0,EVA,0.589
2020-04-14T14:06:14.0,JOSEPH,0.284
2020-04-14T14:56:54.0,LOUIS,0.611
2020-04-14T11:47:57.0,JORDAN,0.701
2020-04-14T15:01:48.0,RORY,0.557
2020-04-14T11:05:46.0,HARVEY,0.237
2020-04-14T10:56:50.0,ADELINE,0.669
2020-04-14T15:42:27.0,LARA,0.62
2020-04-14T14:28:38.0,MIA,0.891
2020-04-14T09:41:03.0,BONNIE,0.914
2020-04-14T16:47:39.0,XAVIER,0.493
2020-04-14T10:11:05.0,AIDEN,1.026
2020-04-14T09:13:57.0,JASPER,0.947
2020-04-14T10:26:17.0,SPENCER,1.063
2020-04-14T16:58:48.0,LOGAN,0.506
2020-04-14T14:38:35.0,EVELYN,0.663
2020-04-14T15:30:25.0,CHASE,0.566
2020-04-14T10:46:26.0,ALYSSA,0.903
2020-04-14T09:33:52.0,LUCY,0.471
2020-04-14T12:10:48.0,IVY,0.772
2020-04-14T15:01:12.0,NATE,0.8
2020-04-14T09:03:16.0,CHARLES,0.9
2020-04-14T16:26:01.0,BODHI,0.458
2020-04-14T11:22:51.0,LILLY,0.898
2020-04-14T09:49:10.0,RUBY,0.138
2020-04-14T16:33:46.0,ESTHER,0.786
2020-04-14T16:25:05.0,MASON,0.664
2020-04-14T10:08:10.0,ZOE,0.789
2020-04-14T09:55:55.0,ELI,0.547
2020-04-14T12:31:38.0,EVIE,0.84
2020-04-14T12:00:34.0,AIDEN,0.395
2020-04-14T12:15:26.0,HUDSON,0.478
2020-04-14T16:09:35.0,IMOGEN,0.702
2020-04-14T10:31:11.0,REMI,0.441
2020-04-14T10:07:28.0,RIVER,0.233
2020-04-14T14:28:59.0,RYDER,0.557
2020-04-14T12:12:14.0,ARTHUR,0.844
2020-04-14T16:27:08.0,AMALIA,0.349
2020-04-14T12:28:38.0,ISAAC,0.653
2020-04-14T14:32:34.0,FRANKIE,0.478
2020-04-14T15:26:02.0,PAIGE,0.764
2020-04-14T10:11:24.0,MACKENZIE,0.723
2020-04-14T09:31:05.0,BILLIE,0.441
2020-04-14T09:31:45.0,ELLIE,0.371
2020-04-14T09:36:12.0,RUBY,0.445
2020-04-14T13:21:41.0,ARIA,0.218
2020-04-15T14:40:39.0,LAYLA,0.788
2020-04-15T14:14:19.0,HARLOW,0.213
2020-04-15T16:27:42.0,LENNY,0.79
2020-04-15T16:19:50.0,JORDAN,0.31
2020-04-15T16:30:22.0,DARCY,0.386
2020-04-15T12:39:34.0,LENNY,0.224
2020-04-15T10:17:08.0,FINLEY,0.114
2020-04-15T10:22:22.0,PENELOPE,0.532
2020-04-15T14:10:45.0,FINN,0.535
2020-04-15T16:15:46.0,OLIVE,0.636
2020-04-15T13:44:29.0,KAI,0.746
2020-04-15T12:45:21.0,DANIEL,0.796
2020-04-15T16:21:03.0,ALYSSA,0.649
2020-04-15T13:16:11.0,JOSEPH,0.24
2020-04-15T09:17:50.0,HUDSON,0.836
2020-04-15T09:41:40.0,LOUIS,0.611
2020-04-15T11:34:33.0,RILEY,0.431
2020-04-15T13:23:32.0,BRODIE,1.038
2020-04-15T12:14:21.0,MAX,0.621
2020-04-15T11:39:47.0,EDEN,0.824
2020-04-15T10:32:15.0,PARKER,0.394
2020-04-15T14:20:26.0,LEVI,0.408
2020-04-15T11:53:52.0,MATILDA,0.953
2020-04-15T12:30:40.0,SADIE,0.403
2020-04-15T13:17:40.0,LINCOLN,0.982
2020-04-15T14:44:17.0,ALEXANDER,0.997
2020-04-15T14:53:02.0,EDWARD,0.272
2020-04-15T11:00:06.0,FELIX,0.307
2020-04-15T12:32:14.0,JOSHUA,0.834
2020-04-15T09:05:47.0,MAX,0.226
2020-04-15T12:37:26.0,LARA,0.333
2020-04-15T16:59:33.0,ISAAC,0.445
2020-04-15T14:59:09.0,HARRISON,1.035
2020-04-15T13:08:55.0,BENJAMIN,0.757
2020-04-15T14:14:14.0,JORDAN,1.012
2020-04-15T10:54:29.0,AUDREY,1.078
2020-04-15T13:58:19.0,SOFIA,0.133
2020-04-15T12:20:07.0,RYDER,0.744
2020-04-15T10:48:24.0,HUGO,0.842
2020-04-15T09:46:58.0,BRODIE,0.131
2020-04-15T14:25:46.0,LIAM,1.085
2020-04-15T11:09:42.0,MAEVE,0.496
2020-04-15T15:18:33.0,SIENNA,0.8
2020-04-15T14:52:47.0,AYLA,0.427
2020-04-15T16:33:14.0,BILLIE,1.02
2020-04-15T12:10:49.0,LOLA,0.81
2020-04-15T14:53:54.0,ANASTASIA,0.217
2020-04-15T12:38:39.0,OLIVE,0.499
2020-04-15T09:21:23.0,LUCAS,0.779
2020-04-15T12:49:36.0,ANNABELLE,0.464
2020-04-15T12:59:42.0,ELIZA,0.599
2020-04-15T12:27:11.0,MIA,0.533
2020-04-15T12:28:05.0,JASPER,0.86
2020-04-15T12:49:12.0,THOMAS,0.672
2020-04-15T16:00:52.0,EVA,0.331
2020-04-15T16:15:30.0,BLAKE,0.982
2020-04-16T13:27:22.0,SIENNA,0.993
2020-04-16T12:13:24.0,ELIJAH,0.812
2020-04-16T13:02:14.0,AURORA,0.502
2020-04-16T14:15:30.0,AYLA,0.266
2020-04-16T10:38:40.0,CARTER,0.73
2020-04-16T15:41:15.0,BENJAMIN,0.719
2020-04-16T12:36:20.0,PIPER,1.035
2020-04-16T13:05:17.0,LUNA,0.272
2020-04-16T10:16:01.0,JAXON,0.289
2020-04-16T13:00:54.0,BRODIE,0.261
2020-04-16T09:44:07.0,BONNIE,0.689
2020-04-16T16:15:30.0,MARCUS,0.862
2020-04-16T10:55:42.0,JAXON,0.209
2020-04-16T10:04:45.0,LEVI,0.871
2020-04-16T12:45:17.0,ALFIE,0.365
2020-04-16T11:53:52.0,ANASTASIA,1.097
2020-04-16T15:25:35.0,DAISY,0.39
2020-04-16T09:25:23.0,MADDISON,0.226
2020-04-16T13:42:26.0,NATE,0.121
2020-04-16T09:50:28.0,RIVER,1.069
2020-04-16T09:15:11.0,ELIJAH,0.105
2020-04-16T13:18:52.0,IMOGEN,0.371
2020-04-16T12:42:21.0,ISAAC,0.726
2020-04-16T11:26:48.0,ZOE,0.81
2020-04-16T09:54:38.0,ZARA,0.379
2020-04-16T14:21:30.0,FLYNN,0.904
2020-04-16T09:18:52.0,ALFRED,0.926
2020-04-16T14:05:14.0,FLYNN,0.447
2020-04-16T09:13:41.0,MADISON,0.34
2020-04-16T13:23:20.0,SOFIA,0.363
2020-04-16T13:06:36.0,MIA,0.134
2020-04-16T09:09:55.0,ALBY,0.574
2020-04-16T16:05:01.0,FRANKIE,0.476
2020-04-16T11:32:12.0,THEODORE,0.548
2020-04-16T14:43:17.0,BILLIE,0.937
2020-04-16T14:42:39.0,ETHAN,0.22
2020-04-16T10:21:37.0,LILY,0.234
2020-04-16T15:38:11.0,HARVEY,0.73
2020-04-16T09:35:19.0,RIVER,0.784
2020-04-16T10:56:01.0,ELI,0.517
2020-04-16T09:01:46.0,FLYNN,0.382
2020-04-16T10:38:10.0,LOGAN,0.988
2020-04-16T16:01:25.0,LUCY,0.836
2020-04-16T11:20:22.0,ALBY,0.13
2020-04-16T11:38:46.0,HAZEL,0.675
2020-04-16T10:44:58.0,MAEVE,0.862
2020-04-16T13:46:30.0,ALEXANDER,0.869
2020-04-16T11:22:52.0,MATILDA,0.523
2020-04-16T12:24:06.0,LARA,0.849
2020-04-16T10:36:19.0,ESTHER,0.454
2020-04-16T13:57:43.0,ELSIE,0.299
2020-04-16T11:13:23.0,MAEVE,0.65
2020-04-16T15:46:06.0,MAYA,1.011
2020-04-16T09:03:18.0,CHARLIE,0.158
2020-04-16T09:01:19.0,DARCY,0.498
2020-04-16T16:33:11.0,FELIX,0.609
2020-04-16T14:56:59.0,SIENNA,0.359
2020-04-16T12:55:24.0,CHLOE,0.296
2020-04-16T10:41:15.0,ELLA,0.275
2020-04-16T11:48:03.0,LUCA,0.568
2020-04-16T09:42:30.0,ARLO,0.604
2020-04-16T14:11:16.0,BONNIE,0.182
2020-04-16T15:06:26.0,ROSE,0.619
2020-04-16T15:58:26.0,MILA,0.268
2020-04-16T13:33:55.0,ELLIE,0.861
2020-04-16T10:33:22.0,SAMUEL,0.369
2020-04-16T09:03:05.0,CHLOE,0.519
2020-04-16T16:53:29.0,SOPHIA,0.61
2020-04-16T13:02:30.0,REMI,0.777
2020-04-16T09:44:42.0,ANGUS,0.686
2020-04-16T12:47:52.0,SUMMER,0.833
2020-04-16T09:40:40.0,ARLO,0.521
2020-04-16T15:43:29.0,SOPHIE,1.054
2020-04-16T16:14:10.0,JUDE,0.755
2020-04-16T11:36:38.0,RIVER,1.032
2020-04-16T14:20:24.0,ARLO,0.572
2020-04-16T16:16:14.0,ADDISON,0.306
2020-04-16T15:02:26.0,AYLA,0.219
2020-04-16T15:25:48.0,SCARLETT,0.63
2020-04-16T11:58:02.0,JACK,0.622
2020-04-16T09:16:53.0,RUBY,1.001
2020-04-16T13:09:03.0,BRODIE,0.546
2020-04-16T10:49:13.0,ELEANOR,0.728
2020-04-16T14:34:56.0,BILLY,0.387
2020-04-16T11:19:18.0,HALLIE,0.382
2020-04-16T15:58:38.0,AURORA,0.319
2020-04-16T12:19:28.0,ELSIE,0.682
2020-04-16T09:02:31.0,PHOEBE,0.116
2020-04-16T10:21:38.0,GRACE,1.037
2020-04-16T15:35:07.0,HARRIET,1.056
2020-04-16T09:37:11.0,HANNAH,0.645
2020-04-16T14:40:07.0,SPENCER,0.161
2020-04-16T14:07:24.0,LAYLA,0.622
2020-04-16T13:07:50.0,CARTER,0.369
2020-04-16T16:21:48.0,PHOEBE,0.283
2020-04-16T10:22:56.0,LENNY,0.432
2020-04-16T14:12:50.0,SAVANNAH,1.004
2020-04-16T15:09:53.0,SUMMER,0.966
2020-04-16T13:48:12.0,FRANKIE,0.288
2020-04-16T13:09:50.0,MAYA,0.784
2020-04-16T16:09:10.0,AMALIA,0.397
2020-04-16T12:29:12.0,XAVIER,0.779
2020-04-16T12:11:10.0,CHLOE,1.015
2020-04-16T10:42:21.0,JUDE,1.009
2020-04-16T15:04:16.0,LUKA,0.124
2020-04-16T16:30:36.0,HUNTER,0.738
2020-04-16T13:39:23.0,JORDAN,0.283
2020-04-16T13:43:20.0,LEWIS,1.085
2020-04-16T12:40:56.0,RYDER,0.77
2020-04-16T12:46:37.0,PATRICK,0.337
2020-04-16T09:34:55.0,EVIE,0.572
2020-04-16T09:39:34.0,ETHAN,0.441
2020-04-16T14:52:25.0,HAZEL,0.744
2020-04-16T13:01:27.0,ALEXANDER,0.596
2020-04-16T14:23:47.0,DAISY,0.381
2020-04-16T13:35:51.0,GEORGIA,0.918
2020-04-16T10:10:16.0,BILLIE,0.481
2020-04-16T10:30:35.0,HALLIE,0.95
2020-04-16T15:07:41.0,FLETCHER,0.58
2020-04-16T09:29:18.0,HARVEY,1.081
2020-04-16T16:22:38.0,SEBASTIAN,0.855
2020-04-16T16:48:21.0,PIPER,0.931
2020-04-16T14:01:52.0,WILLIAM,0.243
2020-04-16T10:35:43.0,AIDEN,0.44
2020-04-16T11:27:40.0,HARVEY,0.193
2020-04-16T09:25:02.0,ARCHIE,0.225
2020-04-16T15:56:10.0,LEVI,0.771
2020-04-16T14:15:41.0,LIAM,0.778
2020-04-16T09:20:34.0,ZACHARY,0.666
2020-04-16T10:52:40.0,SAMUEL,0.837
2020-04-16T13:37:39.0,SADIE,0.841
2020-04-16T15:52:58.0,PENELOPE,0.321
2020-04-16T15:54:03.0,ADDISON,0.181
2020-04-16T12:05:47.0,JASPER,0.873
2020-04-16T16:20:23.0,ALFIE,1.072
2020-04-16T09:52:14.0,RILEY,0.848
2020-04-16T09:21:09.0,LAYLA,0.617
2020-04-16T15:36:18.0,ADDISON,0.586
2020-04-16T10:30:06.0,WYATT,0.646
2020-04-16T12:38:09.0,HARRIET,0.306
2020-04-16T12:33:49.0,MADDISON,0.132
2020-04-16T11:14:03.0,AUBREY,0.761
2020-04-16T15:04:52.0,JAMES,0.116
2020-04-16T09:31:32.0,AMBER,0.161
2020-04-16T12:04:41.0,LIAM,0.225
2020-04-16T09:09:48.0,MAEVE,0.218
2020-04-16T12:58:53.0,XAVIER,0.342
2020-04-16T13:59:13.0,ALFRED,1.015
2020-04-16T13:36:28.0,BENJAMIN,0.503
2020-04-16T12:43:11.0,EVIE,1.073
2020-04-16T10:20:36.0,MIA,0.968
